"";"Species";"Location";"Year";"Lon";"Lat";"Depth";"Main.reference"
"1";"Paramuricea clavata";"Strait of Messina";1993;15.73111;38.25815;"45";"Rivetti; Irene et al. Global Warming and Mass Mortalities of Benthic Invertebrates in the Mediterranean Sea. PLoS ONE 9.12 (2014)"
"4";"Paramuricea clavata";"Tino Island";1999;9.84906;44.01409;"27";"Rivetti; Irene et al. Global Warming and Mass Mortalities of Benthic Invertebrates in the Mediterranean Sea. PLoS ONE 9.12 (2014)"
"6";"Paramuricea clavata";"Mesco Point";1999;9.64609;44.11277;"40";"Rivetti; Irene et al. Global Warming and Mass Mortalities of Benthic Invertebrates in the Mediterranean Sea. PLoS ONE 9.12 (2014)"
"9";"Paramuricea clavata";"La Ciotat";1999;5.62888;43.16327;"45";"Rivetti; Irene et al. Global Warming and Mass Mortalities of Benthic Invertebrates in the Mediterranean Sea. PLoS ONE 9.12 (2014)"
"12";"Paramuricea clavata";"Balearic Islans";2003;2.66724;39.47644;"40";"Rivetti; Irene et al. Global Warming and Mass Mortalities of Benthic Invertebrates in the Mediterranean Sea. PLoS ONE 9.12 (2014)"
"13";"Paramuricea clavata";"Provence coast";2003;5.32953;43.27825;"25";"Rivetti; Irene et al. Global Warming and Mass Mortalities of Benthic Invertebrates in the Mediterranean Sea. PLoS ONE 9.12 (2014)"
"15";"Paramuricea clavata";"Gulf of Naples";2003;14.28138;40.82543;"32";"Rivetti; Irene et al. Global Warming and Mass Mortalities of Benthic Invertebrates in the Mediterranean Sea. PLoS ONE 9.12 (2014)"
"16";"Paramuricea clavata";"From La spezia to Genoa";2006;9.51805;44.18663;"50";"Rivetti; Irene et al. Global Warming and Mass Mortalities of Benthic Invertebrates in the Mediterranean Sea. PLoS ONE 9.12 (2014)"
"17";"Paramuricea clavata";"Ile Riou";2006;5.38124;43.20515;"20";"Rivetti; Irene et al. Global Warming and Mass Mortalities of Benthic Invertebrates in the Mediterranean Sea. PLoS ONE 9.12 (2014)"
"18";"Paramuricea clavata";"Cabo de Palos-Cabrera Island";2007;2.99045;39.16413;"45";"Rivetti; Irene et al. Global Warming and Mass Mortalities of Benthic Invertebrates in the Mediterranean Sea. PLoS ONE 9.12 (2014)"
"19";"Paramuricea clavata";"Tavolara Island - Punta Coda Cavallo (SITE 1)";2008;9.72349;40.8846;"30";"Rivetti; Irene et al. Global Warming and Mass Mortalities of Benthic Invertebrates in the Mediterranean Sea. PLoS ONE 9.12 (2014)"
"20";"Paramuricea clavata";"Tavolara Island - Punta Coda Cavallo (SITE 2)";2008;9.70974;40.92408;"35";"Rivetti; Irene et al. Global Warming and Mass Mortalities of Benthic Invertebrates in the Mediterranean Sea. PLoS ONE 9.12 (2014)"
"22";"Paramuricea clavata";"Medes";2002;3.227;42.05;"";"Marba; Nuria et al. Evidences of Impacts of Climate Change on Mediterranean Biota. Frontiers in Marine Science 3.3 (2016)"
"23";"Paramuricea clavata";"Medes";2003;3.227;42.05;"";"Marba; Nuria et al. Evidences of Impacts of Climate Change on Mediterranean Biota. Frontiers in Marine Science 3.3 (2016)"
"24";"Paramuricea clavata";"Riou";1999;5.40353;43.16829;"";"Marba; Nuria et al. Evidences of Impacts of Climate Change on Mediterranean Biota. Frontiers in Marine Science 3.3 (2016)"
"29";"Paramuricea clavata";"Tinetto Island; La Spezia; Ligurian Sea; Italy ";2003;0.66;39.86;"";"Marba; Nuria et al. Evidences of Impacts of Climate Change on Mediterranean Biota. Frontiers in Marine Science 3.3 (2016)"
"30";"Paramuricea clavata";"Tinetto Island; La Spezia; Ligurian Sea; Italy";1998;9.83;44;"";"Marba; Nuria et al. Evidences of Impacts of Climate Change on Mediterranean Biota. Frontiers in Marine Science 3.3 (2016)"
"31";"Paramuricea clavata";"Tinetto Island; La Spezia; Ligurian Sea; Italy";2004;9.83;44;"";"Marba; Nuria et al. Evidences of Impacts of Climate Change on Mediterranean Biota. Frontiers in Marine Science 3.3 (2016)"
"32";"Paramuricea clavata";"Tinetto Island; La Spezia; Ligurian Sea; Italy";2005;9.83;44;"";"Marba; Nuria et al. Evidences of Impacts of Climate Change on Mediterranean Biota. Frontiers in Marine Science 3.3 (2016)"
"33";"Paramuricea clavata";"Tinetto Shoal La Spezia; Ligurian Sea; Italy";2006;9.83;44;"";"Marba; Nuria et al. Evidences of Impacts of Climate Change on Mediterranean Biota. Frontiers in Marine Science 3.3 (2016)"
"34";"Paramuricea clavata";"Tinetto Shoal La Spezia; Ligurian Sea; Italy";1998;9.83;44;"";"Marba; Nuria et al. Evidences of Impacts of Climate Change on Mediterranean Biota. Frontiers in Marine Science 3.3 (2016)"
"35";"Paramuricea clavata";"Tinetto Shoal La Spezia; Ligurian Sea; Italy";2004;9.83;44;"";"Marba; Nuria et al. Evidences of Impacts of Climate Change on Mediterranean Biota. Frontiers in Marine Science 3.3 (2016)"
"36";"Paramuricea clavata";"Tinetto Shoal La Spezia; Ligurian Sea; Italy";2005;9.83;44;"";"Marba; Nuria et al. Evidences of Impacts of Climate Change on Mediterranean Biota. Frontiers in Marine Science 3.3 (2016)"
"37";"Paramuricea clavata";"Tino Island; La Spezia; Ligurian Sea; Italy";2006;9.83;44;"";"Marba; Nuria et al. Evidences of Impacts of Climate Change on Mediterranean Biota. Frontiers in Marine Science 3.3 (2016)"
"38";"Paramuricea clavata";"Tino Island; La Spezia; Ligurian Sea; Italy";1998;9.83;44;"";"Marba; Nuria et al. Evidences of Impacts of Climate Change on Mediterranean Biota. Frontiers in Marine Science 3.3 (2016)"
"39";"Paramuricea clavata";"Tino Island; La Spezia; Ligurian Sea; Italy";2004;9.83;44;"";"Marba; Nuria et al. Evidences of Impacts of Climate Change on Mediterranean Biota. Frontiers in Marine Science 3.3 (2016)"
"40";"Paramuricea clavata";"Tino Island; La Spezia; Ligurian Sea; Italy";2005;9.83;44;"";"Marba; Nuria et al. Evidences of Impacts of Climate Change on Mediterranean Biota. Frontiers in Marine Science 3.3 (2016)"
"41";"Paramuricea clavata";"Bouches-du-RhÙne; France";2006;9.83;44;"";"Marba; Nuria et al. Evidences of Impacts of Climate Change on Mediterranean Biota. Frontiers in Marine Science 3.3 (2016)"
"42";"Paramuricea clavata";"Var; France";1999;5.15;43.31;"";"Marba; Nuria et al. Evidences of Impacts of Climate Change on Mediterranean Biota. Frontiers in Marine Science 3.3 (2016)"
"43";"Paramuricea clavata";"Ilot de GabiniËre; Port-Cros; France";1999;6.67;43.3;"";"Marba; Nuria et al. Evidences of Impacts of Climate Change on Mediterranean Biota. Frontiers in Marine Science 3.3 (2016)"
"45";"Paramuricea clavata";"Port-Cros";2003;6.35934;43.02084;"";"Marba; Nuria et al. Evidences of Impacts of Climate Change on Mediterranean Biota. Frontiers in Marine Science 3.3 (2016)"
"46";"Paramuricea clavata";"Shoal Ligurian Sea; Italy";1999;9.84995;44.01474;"";"Marba; Nuria et al. Evidences of Impacts of Climate Change on Mediterranean Biota. Frontiers in Marine Science 3.3 (2016)"
"47";"Paramuricea clavata";"Berlengas; Portugal";NA;-9.54201;39.47255;"15";"Boavida; J.; Assis; J.; Silva; I. et al. Overlooked habitat of a vulnerable gorgonian revealed in the Mediterranean and Eastern Atlantic by ecological niche modelling. Sci Rep 6; 36460 (2016). "
"52";"Paramuricea clavata";"Sines; Portugal";NA;-8.926;37.898;"50";"Boavida; J.; Assis; J.; Silva; I. et al. Overlooked habitat of a vulnerable gorgonian revealed in the Mediterranean and Eastern Atlantic by ecological niche modelling. Sci Rep 6; 36460 (2016). "
"53";"Paramuricea clavata";"Sagres; Portugal";NA;-8.919;36.972;"59";"Boavida; J.; Assis; J.; Silva; I. et al. Overlooked habitat of a vulnerable gorgonian revealed in the Mediterranean and Eastern Atlantic by ecological niche modelling. Sci Rep 6; 36460 (2016). "
"54";"Paramuricea clavata";"Sagres; Portugal";NA;-8.92;36.971;"59";"Boavida; J.; Assis; J.; Silva; I. et al. Overlooked habitat of a vulnerable gorgonian revealed in the Mediterranean and Eastern Atlantic by ecological niche modelling. Sci Rep 6; 36460 (2016). "
"55";"Paramuricea clavata";"Sagres; Portugal";NA;-8.922;36.967;"60";"Boavida; J.; Assis; J.; Silva; I. et al. Overlooked habitat of a vulnerable gorgonian revealed in the Mediterranean and Eastern Atlantic by ecological niche modelling. Sci Rep 6; 36460 (2016). "
"56";"Paramuricea clavata";"Lagos; Portugal";NA;-8.704;37.004;"61";"Boavida; J.; Assis; J.; Silva; I. et al. Overlooked habitat of a vulnerable gorgonian revealed in the Mediterranean and Eastern Atlantic by ecological niche modelling. Sci Rep 6; 36460 (2016). "
"57";"Paramuricea clavata";"Portimao; Portugal";NA;-8.492;37.063;"37";"Boavida; J.; Assis; J.; Silva; I. et al. Overlooked habitat of a vulnerable gorgonian revealed in the Mediterranean and Eastern Atlantic by ecological niche modelling. Sci Rep 6; 36460 (2016). "
"58";"Paramuricea clavata";"Portimao; Portugal";NA;-8.505;36.999;"50";"Boavida; J.; Assis; J.; Silva; I. et al. Overlooked habitat of a vulnerable gorgonian revealed in the Mediterranean and Eastern Atlantic by ecological niche modelling. Sci Rep 6; 36460 (2016). "
"59";"Paramuricea clavata";"Portimao; Portugal";NA;-8.599;36.996;"60";"Boavida; J.; Assis; J.; Silva; I. et al. Overlooked habitat of a vulnerable gorgonian revealed in the Mediterranean and Eastern Atlantic by ecological niche modelling. Sci Rep 6; 36460 (2016). "
"60";"Paramuricea clavata";"Portimao; Portugal";NA;-8.5;36.992;"49";"Boavida; J.; Assis; J.; Silva; I. et al. Overlooked habitat of a vulnerable gorgonian revealed in the Mediterranean and Eastern Atlantic by ecological niche modelling. Sci Rep 6; 36460 (2016). "
"61";"Paramuricea clavata";"Portimao; Portugal";NA;-8.489;36.991;"48";"Boavida; J.; Assis; J.; Silva; I. et al. Overlooked habitat of a vulnerable gorgonian revealed in the Mediterranean and Eastern Atlantic by ecological niche modelling. Sci Rep 6; 36460 (2016). "
"62";"Paramuricea clavata";"Portimao; Portugal";NA;-8.528;36.988;"55";"Boavida; J.; Assis; J.; Silva; I. et al. Overlooked habitat of a vulnerable gorgonian revealed in the Mediterranean and Eastern Atlantic by ecological niche modelling. Sci Rep 6; 36460 (2016). "
"63";"Paramuricea clavata";"Tavira; Portugal";NA;-7.635;37.057;"30";"Boavida; J.; Assis; J.; Silva; I. et al. Overlooked habitat of a vulnerable gorgonian revealed in the Mediterranean and Eastern Atlantic by ecological niche modelling. Sci Rep 6; 36460 (2016). "
"66";"Paramuricea clavata";"Marinasmir; Morocco";NA;-5.313;35.752;"40";"Mokhtar-Jamai; K.; Pascual; M.; Ledoux; J.B.; Coma; R.; Féral; J.P. & Garrabou J. (2011). From global to local genetic structuring in the red gorgonian Paramuricea clavata: the interplay between oceanographic conditions and limited larval dispersal. In Molecular Ecology; 20; (pp. 3291-3305)."
"67";"Paramuricea clavata";"Martyl; Morocco";NA;-5.248;35.642;"35";"Mokhtar-Jamai; K.; Pascual; M.; Ledoux; J.B.; Coma; R.; Féral; J.P. & Garrabou J. (2011). From global to local genetic structuring in the red gorgonian Paramuricea clavata: the interplay between oceanographic conditions and limited larval dispersal. In Molecular Ecology; 20; (pp. 3291-3305)."
"68";"Paramuricea clavata";"Farallones; Cap de Trois Fourches; Morocco";NA;-3.00261;35.43551;"20";"Espinosa; F.; Navarro-Barranco; C.; González; A. R.; Maestre; M.; Garcia-Gómez; J. C.; Benhoussa; A.; … Bazairi; H. (2014). A combined approach to assessing the conservation status of Cap des Trois Fourches as a potential MPA_: is there a shortage of MPAs in the Southern Mediterranean_? Mediterranean Marine Science; 15(3); 654-666."
"69";"Paramuricea clavata";"Habibas island; Algeria";NA;-1.12;35.62066;"";"Mokhtari; T. (2015); personal communication. Obervation recorded online at https://www.youtube.com/watch?v=cEeS0C_qM1k"
"72";"Paramuricea clavata";"Galite bank; station 638 Museum Oceanographic Monaco; Tunisia";NA;8.93177;37.55432;"28";"Carpine; C.; & Grasshoff; M. (1975). Les Gorgonaires de la Méditerranée (Vol. 71). Monaco: Bulletin de L'Institut océanographique; Fondation Albert I; Prince de Monaco."
"73";"Paramuricea clavata";"Monte Hacho; Ceuta; Spain";NA;-5.30853;35.9179;"26";"Mokhtar-Jamai; K.; Pascual; M.; Ledoux; J.B.; Coma; R.; Féral; J.P. & Garrabou J. (2011). From global to local genetic structuring in the red gorgonian Paramuricea clavata: the interplay between oceanographic conditions and limited larval dispersal. In Molecular Ecology; 20; (pp. 3291-3305)."
"74";"Paramuricea clavata";"Ciclon de Afuera; Bahia Norte; Ceuta; Spain";NA;-5.299;35.905;"";"Manuel; J. (2015); personal communication. Observation recorded online at https://www.youtube.com/watch?v=LWR_W7261Q8"
"75";"Paramuricea clavata";"Punta Almina; Bahia Sur; Ceuta; Spain";NA;-5.31502;35.89962;"36";"Manuel; J. (2015); personal communication."
"76";"Paramuricea clavata";"Ciclon de Afuera; Ceuta; Spain";NA;-5.302;35.904;"40";"Ocaña; O.; Ramos; A.; & Templado; J. (2009). Los paisajes sumergidos de la región de Ceuta y su biodiversidad. Fundación Museo del Mar de Ceuta. 254pp."
"78";"Paramuricea clavata";"Punta de la Mona; Granada; Spain";NA;-3.72636;36.71658;"35";"Ocaña; O.; Sánchez Tocino; L.; & López-González; P. J. (2000). Consideraciones faunistica y biogeográficas de los antozoos ( Cnidaria_: Anthozoa ) de la costa de Granada ( Mar de Alborán ) Faunistic and biogeographical observations concerning the Anthozoa ( Cnidaria_: Anthozoa ) of the Granada coast ( Sea of Alboran. Zoologia Baetica; 11; 51-65."
"83";"Paramuricea clavata";"Chafarinas Islands; Spain";NA;-2.43958;35.19801;"30";"Maldonado; M.; López-Acosta; M.; Sánchez-Tocino; L.; & Sitjà; C. (2013). The rare; giant gorgonian Ellisella paraplexauroides: demographics and conservation concerns. Marine Ecology Progress Series; 479; 127-141. doi:10.3354/meps10172"
"84";"Paramuricea clavata";"Cabo de Palos; Spain";NA;-0.64278;37.65069;"";"Branco; M. (2014). Description of the biodiversity of benthic communities of three seamounts in a deep environment of the Western Mediterranean Sea. B.Sc. Thesis; University of Algarve; Portugal. 74 pp. Available uppon request."
"85";"Paramuricea clavata";"Columbretes Archipelago; Spain";NA;0.667;39.917;"";"Agell; G.; Rius; M.; & Pascual; M. (2009). Isolation and characterization of eight polymorphic microsatellite loci for the Mediterranean gorgonian Paramuricea clavata. In Conservation genetics; 10(6); (pp. 2025-2027)."
"86";"Paramuricea clavata";"Bajo del Carallot; Columbretes Island; Spain";NA;0.67219;39.89043;"40";"Mokhtar-Jamai; K.; Pascual; M.; Ledoux; J.B.; Coma; R.; Féral; J.P. & Garrabou J. (2011). From global to local genetic structuring in the red gorgonian Paramuricea clavata: the interplay between oceanographic conditions and limited larval dispersal. In Molecular Ecology; 20; (pp. 3291-3305)."
"87";"Paramuricea clavata";"La Pedra Den Cinto; Spain";NA;2.47084;41.51507;"9.3";"GBIF Data Portal; www.gbif.org"
"88";"Paramuricea clavata";"Lilla (Mar Menuda); Spain";NA;2.95787;41.72891;"14.2";"GBIF Data Portal; www.gbif.org"
"89";"Paramuricea clavata";"Illes Formigues; Spain";NA;3.18523;41.86982;"14.9";"GBIF Data Portal; www.gbif.org"
"90";"Paramuricea clavata";"Ullastre; Spain";NA;3.198;41.88;"13.715";"GBIF Data Portal; www.gbif.org"
"91";"Paramuricea clavata";"Ullastre Iii; Spain";NA;3.207;41.891;"11.43";"GBIF Data Portal; www.gbif.org"
"92";"Paramuricea clavata";"Carall Bernat; Spain";NA;3.21652;42.04772;"22";"GBIF Data Portal; www.gbif.org"
"93";"Paramuricea clavata";"Medes; Spain";NA;3.227;42.05;"Oct-40";"Bensoussan; N.; Romano; J. C.; Harmelin; J. G.; & Garrabou; J. (2010). High resolution characterization of northwest Mediterranean coastal waters thermal regimes: To better understand responses of benthic communities to climate change. Estuarine; Coastal and Shelf Science; 87(3); 431-441. doi:10.1016/j.ecss.2010.01.008. Gili; J. M.; & Ros; J. (1985). Study and Cartography of the Benthic Communities of Medes Islands (NE Spain). Marine Ecology; 6(3); 219-238. doi:10.1111/j.1439-0485.1985.tb00323.x"
"94";"Paramuricea clavata";"Bledes (Na Gorra); Ibiza Island; Spain";NA;1.64231;38.97306;"37";"Mokhtar-Jamai; K.; Pascual; M.; Ledoux; J.B.; Coma; R.; Féral; J.P. & Garrabou J. (2011). From global to local genetic structuring in the red gorgonian Paramuricea clavata: the interplay between oceanographic conditions and limited larval dispersal. In Molecular Ecology; 20; (pp. 3291-3305)."
"95";"Paramuricea clavata";"L'Imperial; Cabrera Island; Spain";NA;2.96379;39.12395;"40";"Mokhtar-Jamai; K.; Pascual; M.; Ledoux; J.B.; Coma; R.; Féral; J.P. & Garrabou J. (2011). From global to local genetic structuring in the red gorgonian Paramuricea clavata: the interplay between oceanographic conditions and limited larval dispersal. In Molecular Ecology; 20; (pp. 3291-3305)."
"96";"Paramuricea clavata";"Cabrera East; Spain";NA;3.064;39.168;"62";"Oceana (2012) available online at http://oceana.org/sites/default/files/euo/OCEANA_Factsheet_CABRERA_v10_oct2012.pdf"
"97";"Paramuricea clavata";"Canal de Menorca; Spain";NA;3.622;39.878;"90-240";"http://natura2000.eea.europa.eu/Natura2000/SDF.aspx?site=ESZZ16002. Barberá; C.; Moranta; J.; Ordines; F.; Ramón; M.; de Mesa; a.; Diaz-Valdés; M.; … Massuti; E. (2012). Biodiversity and habitat mapping of Menorca Channel (western Mediterranean): Implications for conservation. Biodiversity and Conservation; 21(3); 701-728. doi:10.1007/s10531-011-0210-1"
"98";"Paramuricea clavata";"Medes Islands (MPA); Spain";NA;3.217;42.2;"28";"Linares; C.; Coma; R.; Mariani; S.; Diaz; D.; Hereu; B. & Zabala; M. (2008). Early life history of the Mediterranean gorgonian Paramuricea clavata: implications for population dynamics. In Invertebrate Biology; 127; (pp.1-11). CAR/ASP - Centre d'Activités Régionales pour les Aires Spécialement Protégés. (2003). Le coralligène en Méditerranée."
"99";"Paramuricea clavata";"Punta Falconera; Cap de Creus; Spain";NA;3.21942;42.22282;"25";"Mokhtar-Jamai; K.; Pascual; M.; Ledoux; J.B.; Coma; R.; Féral; J.P. & Garrabou J. (2011). From global to local genetic structuring in the red gorgonian Paramuricea clavata: the interplay between oceanographic conditions and limited larval dispersal. In Molecular Ecology; 20; (pp. 3291-3305). Dominguez-Carrió C; Gori A; Gili JM. 2014. Sistema de Cañones Submarinos Occidentales del Golfo de León. Proyecto LIFE+INDEMARES. Fundación Biodiversidad del Ministerio de Agricultura; Alimentación y Medio Ambiente. 100pp."
"100";"Paramuricea clavata";"Cap de Creus; Spain";NA;3.29863;42.33465;"38;5";"Gori; A. (2011). The ecology of deep sublittoral populations of Mediterranean gorgonians. Doctoral thesis. University of Barcelona."
"102";"Paramuricea clavata";"Cap Bear; France";NA;3.142;42.515;"13";"Weinberg; S. (1978). Mediterranean octocorallian communities and the abiotic environment. Marine Biology; 49(1); 41-57. doi:10.1007/BF00390729"
"103";"Paramuricea clavata";"Réderis; France";NA;3.167;42.467;"13";"Weinberg; S. (1978). Mediterranean octocorallian communities and the abiotic environment. Marine Biology; 49(1); 41-57. doi:10.1007/BF00390729"
"104";"Paramuricea clavata";"France";NA;5.032;43.285;"";"GBIF Data Portal; www.gbif.org"
"105";"Paramuricea clavata";"France";NA;5.155;43.283;"";"GBIF Data Portal; www.gbif.org"
"106";"Paramuricea clavata";"Provence; France";NA;5.33336;43.28264;"25";"Garrabou; J.; Coma; R.; Bensoussan; N.; Bally; M.; Chevaldonné; P.; Cigliano; M.; … Cerrano; C. (2009). Mass mortality in Northwestern Mediterranean rocky benthic communities: effects of the 2003 heat wave. Global Change Biology; 15(5); 1090-1103. doi:10.1111/j.1365-2486.2008.01823.x In Rivetti; I.; Fraschetti; S.; Lionello; P.; Zambianchi; E.; & Boero; F. (2014). Global Warming and Mass Mortalities of Benthic Invertebrates in the Mediterranean Sea. In PloS one; 9(12); (pp. 1-22)."
"107";"Paramuricea clavata";"Tombant Moulon Est; Cote Bleue; France";NA;5.24852;43.33177;"20";"Mokhtar-Jamai; K.; Pascual; M.; Ledoux; J.B.; Coma; R.; Féral; J.P. & Garrabou J. (2011). From global to local genetic structuring in the red gorgonian Paramuricea clavata: the interplay between oceanographic conditions and limited larval dispersal. In Molecular Ecology; 20; (pp. 3291-3305)."
"108";"Paramuricea clavata";"Pharillons; Marseille; France";NA;5.32787;43.20938;"30";"Mokhtar-Jamai; K.; Pascual; M.; Ledoux; J.B.; Coma; R.; Féral; J.P. & Garrabou J. (2011). From global to local genetic structuring in the red gorgonian Paramuricea clavata: the interplay between oceanographic conditions and limited larval dispersal. In Molecular Ecology; 20; (pp. 3291-3305)."
"109";"Paramuricea clavata";"Riou Sud; Marseille; France";NA;5.39795;43.18441;"40";"Mokhtar-Jamai; K.; Pascual; M.; Ledoux; J.B.; Coma; R.; Féral; J.P. & Garrabou J. (2011). From global to local genetic structuring in the red gorgonian Paramuricea clavata: the interplay between oceanographic conditions and limited larval dispersal. In Molecular Ecology; 20; (pp. 3291-3305)."
"110";"Paramuricea clavata";"Grotte Peres; Marseille; France";NA;5.39232;43.18823;"Oct-20";"Mokhtar-Jamai; K.; Pascual; M.; Ledoux; J.B.; Coma; R.; Féral; J.P. & Garrabou J. (2011). From global to local genetic structuring in the red gorgonian Paramuricea clavata: the interplay between oceanographic conditions and limited larval dispersal. In Molecular Ecology; 20; (pp. 3291-3305)."
"111";"Paramuricea clavata";"Petit Congloue; Marseille; France";NA;5.39695;43.18239;"Oct-20";"Mokhtar-Jamai; K.; Pascual; M.; Ledoux; J.B.; Coma; R.; Féral; J.P. & Garrabou J. (2011). From global to local genetic structuring in the red gorgonian Paramuricea clavata: the interplay between oceanographic conditions and limited larval dispersal. In Molecular Ecology; 20; (pp. 3291-3305)."
"112";"Paramuricea clavata";"Grand Congloue; Marseille; France";NA;5.40299;43.17756;"7";"Mokhtar-Jamai; K.; Pascual; M.; Ledoux; J.B.; Coma; R.; Féral; J.P. & Garrabou J. (2011). From global to local genetic structuring in the red gorgonian Paramuricea clavata: the interplay between oceanographic conditions and limited larval dispersal. In Molecular Ecology; 20; (pp. 3291-3305)."
"113";"Paramuricea clavata";"Morgiou; Marseille; France";NA;5.45113;43.1973;"30";"Mokhtar-Jamai; K.; Pascual; M.; Ledoux; J.B.; Coma; R.; Féral; J.P. & Garrabou J. (2011). From global to local genetic structuring in the red gorgonian Paramuricea clavata: the interplay between oceanographic conditions and limited larval dispersal. In Molecular Ecology; 20; (pp. 3291-3305)."
"114";"Paramuricea clavata";"Castelvieil; Marseille; France";NA;5.51578;43.20032;"10";"Mokhtar-Jamai; K.; Pascual; M.; Ledoux; J.B.; Coma; R.; Féral; J.P. & Garrabou J. (2011). From global to local genetic structuring in the red gorgonian Paramuricea clavata: the interplay between oceanographic conditions and limited larval dispersal. In Molecular Ecology; 20; (pp. 3291-3305)."
"118";"Paramuricea clavata";"Montremian; Port-Cros; France";NA;6.363;43.019;"20";"Mokhtar-Jamai; K.; Pascual; M.; Ledoux; J.B.; Coma; R.; Féral; J.P. & Garrabou J. (2011). From global to local genetic structuring in the red gorgonian Paramuricea clavata: the interplay between oceanographic conditions and limited larval dispersal. In Molecular Ecology; 20; (pp. 3291-3305)."
"119";"Paramuricea clavata";"Montremian North; Port Cros; France";NA;6.358;43.019;"17-25";"Harmelin; J.-G.; & Marinopoulos; J. (1994). Population structure and partial mortality of the gorgonian Paramuricea clavata (Risso) in the north-western Mediterranean (France; Port-Cros Island). Marine Life; 4(1); 5-13. Retrieved from http://www.marinelife-revue.fr/IMG/pdf/bavestrello_et_al-1994-marlife.pdf"
"120";"Paramuricea clavata";"Montremian North; Port Cros; France";NA;6.36;43.004;"17-25";"Harmelin; J.-G.; & Marinopoulos; J. (1994). Population structure and partial mortality of the gorgonian Paramuricea clavata (Risso) in the north-western Mediterranean (France; Port-Cros Island). Marine Life; 4(1); 5-13. Retrieved from http://www.marinelife-revue.fr/IMG/pdf/bavestrello_et_al-1994-marlife.pdf"
"121";"Paramuricea clavata";"Montremian North; Port Cros; France";NA;6.36;43.019;"15-65";"Linares; C.; Coma; R.; Diaz; D.; Zabala; M.; Hereu; B.; & Dantart; L. (2005). Immediate and delayed effects of a mass mortality event on gorgonian population dynamics and benthic community structure in the NW Mediterranean Sea. Marine Ecology Progress Series; 305; 127-137. doi:10.1016/S0399-1784(03)00037-9"
"122";"Paramuricea clavata";"Port Cros; France";NA;6.39;43.018;"Dec-45";"Bensoussan; N.; Romano; J. C.; Harmelin; J. G.; & Garrabou; J. (2010). High resolution characterization of northwest Mediterranean coastal waters thermal regimes: To better understand responses of benthic communities to climate change. Estuarine; Coastal and Shelf Science; 87(3); 431-441. doi:10.1016/j.ecss.2010.01.008"
"123";"Paramuricea clavata";"Port Cros; Galere; France";NA;6.411;43.024;"22-30";"Harmelin; J.-G.; & Marinopoulos; J. (1994). Population structure and partial mortality of the gorgonian Paramuricea clavata (Risso) in the north-western Mediterranean (France; Port-Cros Island). Marine Life; 4(1); 5-13. Retrieved from http://www.marinelife-revue.fr/IMG/pdf/bavestrello_et_al-1994-marlife.pdf"
"124";"Paramuricea clavata";"Port Cros; Galere offshore; France";NA;6.421;43.023;"22-30";"Harmelin; J.-G.; & Marinopoulos; J. (1994). Population structure and partial mortality of the gorgonian Paramuricea clavata (Risso) in the north-western Mediterranean (France; Port-Cros Island). Marine Life; 4(1); 5-13. Retrieved from http://www.marinelife-revue.fr/IMG/pdf/bavestrello_et_al-1994-marlife.pdf"
"131";"Paramuricea clavata";"Saint-Tropez; France";NA;6.63531;43.28231;"";"Rivetti; I.; Fraschetti; S.; Lionello; P.; Zambianchi; E.; & Boero; F. (2014). Global Warming and Mass Mortalities of Benthic Invertebrates in the Mediterranean Sea. In PloS one; 9(12); (pp. 1-22)."
"133";"Paramuricea clavata";"France";NA;7.02643;43.50343;"";"GBIF Data Portal; www.gbif.org"
"136";"Paramuricea clavata";"West coast; station 502 Museum Oceanographic Monaco; Corsica; France";NA;8.79;41.635;"45";"Carpine; C.; & Grasshoff; M. (1975). Les Gorgonaires de la Méditerranée (Vol. 71). Monaco: Bulletin de L'Institut océanographique; Fondation Albert I; Prince de Monaco."
"137";"Paramuricea clavata";"Lavezi islands; station 396 Museum Oceanographic Monaco; Corsica; France";NA;9.2449;41.33634;"20";"Carpine; C.; & Grasshoff; M. (1975). Les Gorgonaires de la Méditerranée (Vol. 71). Monaco: Bulletin de L'Institut océanographique; Fondation Albert I; Prince de Monaco."
"144";"Paramuricea clavata";"Corsica; France";NA;9.2512;41.30282;"25";"Garrabou; J.; Coma; R.; Bensoussan; N.; Bally; M.; Chevaldonné; P.; Cigliano; M.; … Cerrano; C. (2009). Mass mortality in Northwestern Mediterranean rocky benthic communities: effects of the 2003 heat wave. Global Change Biology; 15(5); 1090-1103. doi:10.1111/j.1365-2486.2008.01823.x In Rivetti; I.; Fraschetti; S.; Lionello; P.; Zambianchi; E.; & Boero; F. (2014). Global Warming and Mass Mortalities of Benthic Invertebrates in the Mediterranean Sea. In PloS one; 9(12); (pp. 1-22)."
"146";"Paramuricea clavata";"Lavezzi islands; Corsica; France";NA;9.2656;41.34872;"";"Mistri; M. (1994). Ecological observations on a population of the Mediterranean gorgonian Paramuricea clavata (Risso; 1826). In Bolletino di zoologia; 61(02); (pp. 163-166)."
"148";"Paramuricea clavata";"Fondali Porto Maurizio; San Lorenzo al Mare; Torre dei Marmi; Italy";NA;7.982;43.852;"";"http://natura2000.eea.europa.eu/Natura2000/SDF.aspx?site=IT1315971"
"155";"Paramuricea clavata";"From La Spezia to Genoa; Italy";NA;9.51;44.18;"50";"Rivetti; I.; Fraschetti; S.; Lionello; P.; Zambianchi; E.; & Boero; F. (2014). Global Warming and Mass Mortalities of Benthic Invertebrates in the Mediterranean Sea. In PloS one; 9(12); (pp. 1-22)."
"156";"Paramuricea clavata";"Mesco Point; Italy";NA;9.62685;44.12155;"40";"Cerrano; C.; Bavestrello; G.; Bianchi; C. N.; Cattaneo-Vietti; R.; Bava; S.; Morganti; C.; ? Sponga; F. (2000). A catastrophic mass-mortality episode of gorgonians and other organisms in the Ligurian Sea (North-western Mediterranean); summer 1999. Ecology Letters; 3(4); 284?293. doi:10.1046/j.1461-0248.2000.00152.x"
"157";"Paramuricea clavata";"Tino Island; Italy";NA;9.81593;44.00614;"21";"Cupido; R.; Cocito; S.; Sgorbini; S.; Bordone; a.; & Santangelo; G. (2008). Response of a gorgonian (Paramuricea clavata) population to mortality events: Recovery or loss? Aquatic Conservation: Marine and Freshwater Ecosystems; 18(6); 984?992. doi:10.1002/aqc.904"
"158";"Paramuricea clavata";"Scoglietto di Portoferraio; Italy";NA;10.324;42.824;"";"http://natura2000.eea.europa.eu/Natura2000/SDF.aspx?site=IT5160019"
"159";"Paramuricea clavata";"Elba 1a first; Italy";NA;9.967;42.783;"60-69";"Angiolillo; M.; Gori; A.; Canese; S.; Bo; M.; Priori; C.; Bavestrello; G.; ? Santangelo; G. (2015). Distribution and population structure of deep-dwelling red coral in the Northwest Mediterranean. Marine Ecology; (JANUARY); n/a?n/a. doi:10.1111/maec.12274"
"161";"Paramuricea clavata";"Elba 2b; Italy";NA;10.017;42.683;"74-90";"Angiolillo; M.; Gori; A.; Canese; S.; Bo; M.; Priori; C.; Bavestrello; G.; ? Santangelo; G. (2015). Distribution and population structure of deep-dwelling red coral in the Northwest Mediterranean. Marine Ecology; (JANUARY); n/a?n/a. doi:10.1111/maec.12274"
"162";"Paramuricea clavata";"Elba 4a; Italy";NA;10.02624;42.54504;"79-94";"Angiolillo; M.; Gori; A.; Canese; S.; Bo; M.; Priori; C.; Bavestrello; G.; ? Santangelo; G. (2015). Distribution and population structure of deep-dwelling red coral in the Northwest Mediterranean. Marine Ecology; (JANUARY); n/a?n/a. doi:10.1111/maec.12274"
"163";"Paramuricea clavata";"Elba 1b; Italy";NA;10.117;42.533;"81-91";"Angiolillo; M.; Gori; A.; Canese; S.; Bo; M.; Priori; C.; Bavestrello; G.; ? Santangelo; G. (2015). Distribution and population structure of deep-dwelling red coral in the Northwest Mediterranean. Marine Ecology; (JANUARY); n/a?n/a. doi:10.1111/maec.12274"
"164";"Paramuricea clavata";"Isola di Giannutri; area terrestre e marina; Site Code: IT51A0024; Italy";NA;11.117;42.265;"15-60";"http://natura2000.eea.europa.eu/Natura2000/SDF.aspx?site=IT51A0024"
"166";"Paramuricea clavata";"Isola dei Cavoli; Serpentara; Punta Molentis e Campulongu; Sardinia; Italy";NA;9.558;39.118;"";"http://natura2000.eea.europa.eu/Natura2000/SDF.aspx?site=ITB040020"
"167";"Paramuricea clavata";"Tavolara Island; Papa 1 and Papa 2; Sardinia; Italy";NA;9.71439;40.89684;"15-43";"Huete-Stauffer; C.; Vielmini; I.; Palma; M.; Navone; A.; Panzalis; P.; Vezzulli; L.; ? Cerrano; C. (2011). Paramuricea clavata (Anthozoa; Octocorallia) loss in the Marine Protected Area of Tavolara (Sardinia; Italy) due to a mass mortality event. Marine Ecology; 32; 107?116. doi:10.1111/j.1439-0485.2011.00429.x"
"168";"Paramuricea clavata";"Fondali marini di Ischia- Procida e Vivara; Italy";NA;13.923;40.757;"";"http://natura2000.eea.europa.eu/Natura2000/SDF.aspx?site=IT8030010"
"171";"Paramuricea clavata";"Gulf of Naples; Italy";NA;14.29;40.83;"32";"Garrabou; J.; Coma; R.; Bensoussan; N.; Bally; M.; Chevaldonné; P.; Cigliano; M.; … Cerrano; C. (2009). Mass mortality in Northwestern Mediterranean rocky benthic communities: effects of the 2003 heat wave. Global Change Biology; 15(5); 1090-1103. doi:10.1111/j.1365-2486.2008.01823.x In Rivetti; I.; Fraschetti; S.; Lionello; P.; Zambianchi; E.; & Boero; F. (2014). Global Warming and Mass Mortalities of Benthic Invertebrates in the Mediterranean Sea. In PloS one; 9(12); (pp. 1-22)."
"175";"Paramuricea clavata";"Fondali Isola di Dino-Capo Scalea; Italy";NA;15.7613;39.85605;"40";"http://natura2000.eea.europa.eu/Natura2000/SDF.aspx?site=IT9310035"
"176";"Paramuricea clavata";"Fondali di Capo Tirone; Italy";NA;15.8166;39.61443;"";"http://natura2000.eea.europa.eu/Natura2000/SDF.aspx?site=IT9310033"
"177";"Paramuricea clavata";"Shoal 4; Gulf Efigemia; Italy";NA;16.127;38.902;"70-120";"Bo; M.; Canese; S.; Spaggiari; C.; Pusceddu; A.; Bertolino; M.; Angiolillo; M.; ? Bavestrello; G. (2012). Deep coral oases in the South Tyrrhenian Sea. PloS One; 7(11); e49870. doi:10.1371/journal.pone.0049870"
"178";"Paramuricea clavata";"Shoal 3; Gulf Efigemia; Italy";NA;16.146;38.871;"70-120";"Bo; M.; Canese; S.; Spaggiari; C.; Pusceddu; A.; Bertolino; M.; Angiolillo; M.; ? Bavestrello; G. (2012). Deep coral oases in the South Tyrrhenian Sea. PloS One; 7(11); e49870. doi:10.1371/journal.pone.0049870"
"179";"Paramuricea clavata";"Fondali di Pizzo Calabro; Italy";NA;16.16;38.746;"";"http://natura2000.eea.europa.eu/Natura2000/SDF.aspx?site=IT9340092"
"180";"Paramuricea clavata";"Shoal 1; Gulf Efigemia; Italy";NA;16.089;38.742;"70-110";"Bo; M.; Canese; S.; Spaggiari; C.; Pusceddu; A.; Bertolino; M.; Angiolillo; M.; ? Bavestrello; G. (2012). Deep coral oases in the South Tyrrhenian Sea. PloS One; 7(11); e49870. doi:10.1371/journal.pone.0049870"
"181";"Paramuricea clavata";"Calabria; Italy";NA;15.83389;38.36396;"50";"Angiolillo; M.; Canese; S.; Salvati; E.; Giusti; M.; Cardinali; M.; Bo; M. & Greco; S. (2009). Presence of corallium rubrum on coralligenous assemblages below 50m along Calabrian coast (South Italy). In Proceedings of the 1st Mediterranean Symposium on the Coralligenous Conservation and other calcareous bio-concretions. Tabarka; Tunisia (pp. 47-52)."
"185";"Paramuricea clavata";"Fondali di Scilla; Italy";NA;15.714;38.26;"25";"http://natura2000.eea.europa.eu/Natura2000/SDF.aspx?site=IT9350173"
"186";"Paramuricea clavata";"Strait of Messina; Italy";NA;15.72297;38.26098;"30-39";"Mistri; M.; & Ceccherelli; V. U. (1996). Effects of a mucilage event on the Mediterranean gorgonian Paramuricea clavata. I ? Short term impacts at the population and colony levels. Italian Journal of Zoology; 63(3); 221?230. doi:10.1080/11250009609356137 In Rivetti; I.; Fraschetti; S.; Lionello; P.; Zambianchi; E.; & Boero; F. (2014). Global Warming and Mass Mortalities of Benthic Invertebrates in the Mediterranean Sea. In PloS one; 9(12); (pp. 1-22)."
"187";"Paramuricea clavata";"Punta Faro; Messina; Sicily; Italy";NA;15.6529;38.27202;"55";"Giusti; M.; Canese; S.; Angiolillo; M.; Bo; M.; Salvati; E.; Cardinali; M. & Greco; S. (2009). Three-dimensional distribution of Gerardia savaglia in relation to depth; orientation and slope of the substrata in the south Tyrrhenian Sea. In Proceedings of the 1st Mediterranean Symposium on the Coralligenous Conservation and other calcareous bio-concretions. Tabarka; Tunisia (pp. 96-100). CAR/ASP - Centre d'Activités Régionales pour les Aires Spécialement Protégés. (2003). Le coralligène en Méditerranée."
"188";"Paramuricea clavata";"Fondali di Isola delle Femmine; Capo Gallo; Italy";NA;13.27126;38.22285;">36";"http://natura2000.eea.europa.eu/Natura2000/SDF.aspx?site=ITA020047"
"189";"Paramuricea clavata";"Fondali di Acicastello (Isola Lachea; Ciclopi); Italy";NA;15.166;37.556;">30";"http://natura2000.eea.europa.eu/Natura2000/SDF.aspx?site=ITA070028"
"191";"Paramuricea clavata";"Pantelleria; Italy";NA;12.052;36.8;"60";"Vezzulli; L.; Pezzati; E.; Huete-Stauffer; C.; Pruzzo; C.; & Cerrano; C. (2013). 16SrDNA Pyrosequencing of the Mediterranean Gorgonian Paramuricea clavata Reveals a Link among Alterations in Bacterial Holobiont Members; Anthropogenic Influence and Disease Outbreaks. PloS One; 8(6); e67745. doi:10.1371/journal.pone.0067745"
"195";"Paramuricea clavata";"Tyrrenian sea; Italy";NA;14.29;40.83;"";"Rivetti; I.; Fraschetti; S.; Lionello; P.; Zambianchi; E.; & Boero; F. (2014). Global Warming and Mass Mortalities of Benthic Invertebrates in the Mediterranean Sea. In PloS one; 9(12); (pp. 1-22)."
"197";"Paramuricea clavata";"Calabria; Italy";NA;16.118;38.749;"75";"Angiolillo; M.; Canese; S.; Salvati; E.; Giusti; M.; Cardinali; M.; Bo; M. & Greco; S. (2009). Presence of corallium rubrum on coralligenous assemblages below 50m along Calabrian coast (South Italy). In Proceedings of the 1st Mediterranean Symposium on the Coralligenous Conservation and other calcareous bio-concretions. Tabarka; Tunisia (pp. 47-52)."
"198";"Paramuricea clavata";"Calabria; Italy";NA;16.124;38.745;"75";"Angiolillo; M.; Canese; S.; Salvati; E.; Giusti; M.; Cardinali; M.; Bo; M. & Greco; S. (2009). Presence of corallium rubrum on coralligenous assemblages below 50m along Calabrian coast (South Italy). In Proceedings of the 1st Mediterranean Symposium on the Coralligenous Conservation and other calcareous bio-concretions. Tabarka; Tunisia (pp. 47-52)."
"199";"Paramuricea clavata";"Prvic; Croatia";NA;14.84134;44.88438;"23-40";"Kipson; S.; Linares; C.; _i_mek; H.; Cebrián; E.; Ballesteros; E.; Bakran_Petricioli; T.; & Garrabou; J. (2014). Population structure and conservation status of the red gorgonian Paramuricea clavata (Risso; 1826) in the Eastern Adriatic Sea. In Marine Ecology; (pp. 1-12). Garrabou; J.; Kipson; S.; Kaleb; S.; Kruzic; P.; Jaklin; A.; Zuljevic; A.; … Zupan; D. (2014). Monitoring protocol for coralligenous community. Developed within the framework of the MedMPAnet Project."
"200";"Paramuricea clavata";"Prvic; Silo; Croatia";NA;14.842;44.884;"32";"Novosel; M.; Bakran-Petricioli; T.; Pozar-Domac; a.; Kru_i_; P.; & Radic; I. (2002). The benthos of the northern part of the Velebit Channel (Adriatic Sea; Croatia). Natura Croatica; 11(4); 387-409."
"201";"Paramuricea clavata";"Prvic; Samonjin; Croatia";NA;14.82;44.924;"30";"Novosel; M.; Bakran-Petricioli; T.; Pozar-Domac; a.; Kru_i_; P.; & Radic; I. (2002). The benthos of the northern part of the Velebit Channel (Adriatic Sea; Croatia). Natura Croatica; 11(4); 387-409."
"202";"Paramuricea clavata";"Cutin Mali; Croatia";NA;14.493;44.7274;"25-38";"Kipson; S.; Linares; C.; _i_mek; H.; Cebrián; E.; Ballesteros; E.; Bakran_Petricioli; T.; & Garrabou; J. (2014). Population structure and conservation status of the red gorgonian Paramuricea clavata (Risso; 1826) in the Eastern Adriatic Sea. In Marine Ecology; (pp. 1-12). Garrabou; J.; Kipson; S.; Kaleb; S.; Kruzic; P.; Jaklin; A.; Zuljevic; A.; … Zupan; D. (2014). Monitoring protocol for coralligenous community. Developed within the framework of the MedMPAnet Project."
"203";"Paramuricea clavata";"Lun; Croatia";NA;14.73128;44.70559;"25-40";"Kipson; S.; Linares; C.; _i_mek; H.; Cebrián; E.; Ballesteros; E.; Bakran_Petricioli; T.; & Garrabou; J. (2014). Population structure and conservation status of the red gorgonian Paramuricea clavata (Risso; 1826) in the Eastern Adriatic Sea. In Marine Ecology; (pp. 1-12). Garrabou; J.; Kipson; S.; Kaleb; S.; Kruzic; P.; Jaklin; A.; Zuljevic; A.; … Zupan; D. (2014). Monitoring protocol for coralligenous community. Developed within the framework of the MedMPAnet Project."
"204";"Paramuricea clavata";"Stations T1-T4; Marine Park Telascica; Croatia ";NA;15.11399;43.90541;"30-45";"Kruzic; P. (2007). Anthozoan Fauna of Telascica Nature Park (Adriatic Sea ; Croatia). Nat. Croat.; 16(4); 233-266."
"205";"Paramuricea clavata";"Stations T1-T4; Marine Park Telascica; Croatia ";NA;15.15972;43.87713;"30-45";"Kruzic; P. (2007). Anthozoan Fauna of Telascica Nature Park (Adriatic Sea ; Croatia). Nat. Croat.; 16(4); 233-266."
"206";"Paramuricea clavata";"Stations T6; Marine Park Telascica; Croatia ";NA;15.16881;43.86891;"30-45";"Kruzic; P. (2007). Anthozoan Fauna of Telascica Nature Park (Adriatic Sea ; Croatia). Nat. Croat.; 16(4); 233-266."
"207";"Paramuricea clavata";"Stations T8; Marine Park Telascica; Croatia ";NA;15.18122;43.86199;"30-45";"Kruzic; P. (2007). Anthozoan Fauna of Telascica Nature Park (Adriatic Sea ; Croatia). Nat. Croat.; 16(4); 233-266."
"208";"Paramuricea clavata";"Stations T10; Marine Park Telascica; Croatia ";NA;15.204;43.852;"30-45";"Kruzic; P. (2007). Anthozoan Fauna of Telascica Nature Park (Adriatic Sea ; Croatia). Nat. Croat.; 16(4); 233-266."
"209";"Paramuricea clavata";"Stations T11; Marine Park Telascica; Croatia ";NA;15.21166;43.84684;"30-45";"Kruzic; P. (2007). Anthozoan Fauna of Telascica Nature Park (Adriatic Sea ; Croatia). Nat. Croat.; 16(4); 233-266."
"210";"Paramuricea clavata";"Obrucan; Croatia";NA;15.21974;43.83862;"25-55";"Kipson; S.; Linares; C.; _i_mek; H.; Cebrián; E.; Ballesteros; E.; Bakran_Petricioli; T.; & Garrabou; J. (2014). Population structure and conservation status of the red gorgonian Paramuricea clavata (Risso; 1826) in the Eastern Adriatic Sea. In Marine Ecology; (pp. 1-12). Garrabou; J.; Kipson; S.; Kaleb; S.; Kruzic; P.; Jaklin; A.; Zuljevic; A.; … Zupan; D. (2014). Monitoring protocol for coralligenous community. Developed within the framework of the MedMPAnet Project."
"211";"Paramuricea clavata";"Balun; Croatia";NA;15.255;43.804;"27-60";"Kipson; S.; Linares; C.; _i_mek; H.; Cebrián; E.; Ballesteros; E.; Bakran_Petricioli; T.; & Garrabou; J. (2014). Population structure and conservation status of the red gorgonian Paramuricea clavata (Risso; 1826) in the Eastern Adriatic Sea. In Marine Ecology; (pp. 1-12). Garrabou; J.; Kipson; S.; Kaleb; S.; Kruzic; P.; Jaklin; A.; Zuljevic; A.; … Zupan; D. (2014). Monitoring protocol for coralligenous community. Developed within the framework of the MedMPAnet Project."
"212";"Paramuricea clavata";"Mana; Croatia";NA;15.26157;43.79707;"27-60";"Kipson; S.; Linares; C.; _i_mek; H.; Cebrián; E.; Ballesteros; E.; Bakran_Petricioli; T.; & Garrabou; J. (2014). Population structure and conservation status of the red gorgonian Paramuricea clavata (Risso; 1826) in the Eastern Adriatic Sea. In Marine Ecology; (pp. 1-12). Garrabou; J.; Kipson; S.; Kaleb; S.; Kruzic; P.; Jaklin; A.; Zuljevic; A.; … Zupan; D. (2014). Monitoring protocol for coralligenous community. Developed within the framework of the MedMPAnet Project."
"213";"Paramuricea clavata";"Mulo; Croatia";NA;15.93412;43.5175;"35-50+";"Kipson; S.; Linares; C.; _i_mek; H.; Cebrián; E.; Ballesteros; E.; Bakran_Petricioli; T.; & Garrabou; J. (2014). Population structure and conservation status of the red gorgonian Paramuricea clavata (Risso; 1826) in the Eastern Adriatic Sea. In Marine Ecology; (pp. 1-12). Garrabou; J.; Kipson; S.; Kaleb; S.; Kruzic; P.; Jaklin; A.; Zuljevic; A.; … Zupan; D. (2014). Monitoring protocol for coralligenous community. Developed within the framework of the MedMPAnet Project."
"214";"Paramuricea clavata";"Smokvica; Croatia";NA;15.94136;43.50753;"30-50+";"Kipson; S.; Linares; C.; _i_mek; H.; Cebrián; E.; Ballesteros; E.; Bakran_Petricioli; T.; & Garrabou; J. (2014). Population structure and conservation status of the red gorgonian Paramuricea clavata (Risso; 1826) in the Eastern Adriatic Sea. In Marine Ecology; (pp. 1-12). Garrabou; J.; Kipson; S.; Kaleb; S.; Kruzic; P.; Jaklin; A.; Zuljevic; A.; … Zupan; D. (2014). Monitoring protocol for coralligenous community. Developed within the framework of the MedMPAnet Project."
"215";"Paramuricea clavata";"Planka; Croatia";NA;15.96627;43.4901;"32-50+";"Kipson; S.; Linares; C.; _i_mek; H.; Cebrián; E.; Ballesteros; E.; Bakran_Petricioli; T.; & Garrabou; J. (2014). Population structure and conservation status of the red gorgonian Paramuricea clavata (Risso; 1826) in the Eastern Adriatic Sea. In Marine Ecology; (pp. 1-12). Garrabou; J.; Kipson; S.; Kaleb; S.; Kruzic; P.; Jaklin; A.; Zuljevic; A.; … Zupan; D. (2014). Monitoring protocol for coralligenous community. Developed within the framework of the MedMPAnet Project."
"218";"Paramuricea clavata";"Fourni Island; Greece";NA;26.51819;37.56928;"";"Vasilis Gerovasileiou and Maria Sini personal communication; Hellenic Center for Marine Research; Institute of Marine Biology; Biotechnology and Aquaculture; Greece"
"219";"Paramuricea clavata";"S. Evia; site 2; Greece";NA;24.613;38.106;"61";"Salomidi; M.; Smith; C.; Katsanevakis; S.; Panayotidis; P.; & Papathanassiou; V. (2009). Some observations on the structure and distribution of gorgonian assemblages in the eastern Mediterranean Sea. In Proceedings of the 1st Mediterranean symposium on the conservation of the coralligenous and other calcareous bio-concretions. Tabarka; Tunisia (pp. 242-245)."
"220";"Paramuricea clavata";"Evia Island; Greece";NA;23.5064;38.57472;"";"Vasilis Gerovasileiou and Maria Sini personal communication; Hellenic Center for Marine Research; Institute of Marine Biology; Biotechnology and Aquaculture; Greece"
"222";"Paramuricea clavata";"Lesbos Island; Greece";NA;26.59;38.96;"";"GBIF Data Portal; www.gbif.net. 2014-03-10. Senckenberg: Collection Cnidaria SMF; 207950808."
"223";"Paramuricea clavata";"Lesvos Island; Greece";NA;26.534;38.969;"";"Gerovasileiou; V.; Sini; M. I.; Poursanidis; D.; & Koutsoubas; D. (2009). Contribution to the knowledge of Coralligenous communities in the NE Aegean Sea. In Proceedings of the 1st Mediterranean Symposium on the Coralligenous Conservation and other calcareous bio-concretions. Tabarka; Tunisia (pp. 14-16)."
"224";"Paramuricea clavata";"Greece";NA;22.79379;38.79262;"";"GBIF Data Portal; www.gbif.org"
"225";"Paramuricea clavata";"Greece";NA;23.99043;39.19005;"";"GBIF Data Portal; www.gbif.net. 2014-03-10. Senckenberg: Collection Cnidaria SMF; 207950808."
"226";"Paramuricea clavata";"Alonissos Island; Northern Sporades; Aegean Sea; Greece";NA;24.12598;39.34467;"";"Vasilis Gerovasileiou and Maria Sini personal communication; Hellenic Center for Marine Research; Institute of Marine Biology; Biotechnology and Aquaculture; Greece"
"227";"Paramuricea clavata";"Alonissos Island; Greece";NA;23.85528;39.12712;"";"GBIF Data Portal; www.gbif.net. 2014-03-10. Senckenberg: Collection Cnidaria SMF; 207950808."
"228";"Paramuricea clavata";"Lesvos Island; Greece";NA;26.45104;39.29658;"";"Gerovasileiou; V.; Sini; M. I.; Poursanidis; D.; & Koutsoubas; D. (2009). Contribution to the knowledge of Coralligenous communities in the NE Aegean Sea. In Proceedings of the 1st Mediterranean Symposium on the Coralligenous Conservation and other calcareous bio-concretions. Tabarka; Tunisia (pp. 14-16)."
"229";"Paramuricea clavata";"Lesvos Island; Greece";NA;26.15869;39.3432;"";"Gerovasileiou; V.; Sini; M. I.; Poursanidis; D.; & Koutsoubas; D. (2009). Contribution to the knowledge of Coralligenous communities in the NE Aegean Sea. In Proceedings of the 1st Mediterranean Symposium on the Coralligenous Conservation and other calcareous bio-concretions. Tabarka; Tunisia (pp. 14-16)."
"230";"Paramuricea clavata";"N. Lesvos; site 3; Greece";NA;26.437;39.358;"48";"Salomidi; M.; Smith; C.; Katsanevakis; S.; Panayotidis; P.; & Papathanassiou; V. (2009). Some observations on the structure and distribution of gorgonian assemblages in the eastern Mediterranean Sea. In Proceedings of the 1st Mediterranean symposium on the conservation of the coralligenous and other calcareous bio-concretions. Tabarka; Tunisia (pp. 242-245)."
"231";"Paramuricea clavata";"Agios Efstratios; Greece";NA;24.84;39.52;"";"GBIF Data Portal; www.gbif.net. 2014-03-10. Senckenberg: Collection Cnidaria SMF; 207950808."
"234";"Paramuricea clavata";"Marmara Sea; Balikçi island; sites N1 and N2; Turkey";NA;29.25;40.8;"30-42";"Topçu; E. N.; & Öztürk; B. (2013). Octocoral diversity of Balıkçı Island; the Marmara Sea. Journal of the Black Sea/Mediterranean Environment; 19(1); 46-57."
"235";"Paramuricea clavata";"Ayvalik; Ezerbey Sigiligi; Turkey";NA;26.57431;39.3669;"24";"Mokhtar-Jamai; K.; Pascual; M.; Ledoux; J.B.; Coma; R.; Féral; J.P. & Garrabou J. (2011). From global to local genetic structuring in the red gorgonian Paramuricea clavata: the interplay between oceanographic conditions and limited larval dispersal. In Molecular Ecology; 20; (pp. 3291-3305)."
"236";"Paramuricea clavata";"";NA;23.8589992523193;39.1319999694824;"";"Obis (12th February 2016) Occurrence Download http://iobis.org/mapper/"
"237";"Paramuricea clavata";"";NA;3.19788;41.8795;"13.715";"Obis (12th February 2016) Occurrence Download http://iobis.org/mapper/"
"238";"Paramuricea clavata";"";NA;26.5970001220703;38.9599990844727;"";"Obis (12th February 2016) Occurrence Download http://iobis.org/mapper/"
"239";"Paramuricea clavata";"";NA;3.21611;42.05452;"11.865";"Obis (12th February 2016) Occurrence Download http://iobis.org/mapper/"
"240";"Paramuricea clavata";"";NA;23.9890003204346;39.1940002441406;"";"Obis (12th February 2016) Occurrence Download http://iobis.org/mapper/"
"241";"Paramuricea clavata";"";NA;3.19788;41.8795;"12.345";"Obis (12th February 2016) Occurrence Download http://iobis.org/mapper/"
"242";"Paramuricea clavata";"";NA;3.20708;41.8909;"11.43";"Obis (12th February 2016) Occurrence Download http://iobis.org/mapper/"
"243";"Paramuricea clavata";"";NA;3.20708;41.8909;"12.955";"Obis (12th February 2016) Occurrence Download http://iobis.org/mapper/"
"244";"Paramuricea clavata";"";NA;3.19788;41.8795;"12.345";"Obis (12th February 2016) Occurrence Download http://iobis.org/mapper/"
"245";"Paramuricea clavata";"";NA;3.21201;41.9166;"14.325";"Obis (12th February 2016) Occurrence Download http://iobis.org/mapper/"
"246";"Paramuricea clavata";"";NA;24.84;39.52;"";"Obis (12th February 2016) Occurrence Download http://iobis.org/mapper/"
"247";"Paramuricea clavata";"";NA;26.59;38.96;"";"Obis (12th February 2016) Occurrence Download http://iobis.org/mapper/"
"248";"Paramuricea clavata";"";NA;3.4864;39.9519;"138";"Obis (12th February 2016) Occurrence Download http://iobis.org/mapper/"
"249";"Paramuricea clavata";"";NA;11.10803;42.26597;"16.25";"Obis (12th February 2016) Occurrence Download http://iobis.org/mapper/"
"252";"Paramuricea clavata";"";NA;-0.680000007152557;37.6300010681152;"32.5";"Obis (12th February 2016) Occurrence Download http://iobis.org/mapper/"
"253";"Paramuricea clavata";"";NA;3.21201;41.9166;"14.02";"Obis (12th February 2016) Occurrence Download http://iobis.org/mapper/"
"254";"Paramuricea clavata";"";NA;5.15502;43.28268;"";" GBIF.org (12th February 2016) GBIF Occurrence Download http://doi.org/10.15468/dl.rrgo0h"
"255";"Paramuricea clavata";"";NA;24.84;39.52;"";" GBIF.org (12th February 2016) GBIF Occurrence Download http://doi.org/10.15468/dl.rrgo0h"
"257";"Paramuricea clavata";"";NA;3.48429;42.54262;"";" GBIF.org (12th February 2016) GBIF Occurrence Download http://doi.org/10.15468/dl.rrgo0h"
"258";"Paramuricea clavata";"";NA;5.15502;43.28268;"";" GBIF.org (12th February 2016) GBIF Occurrence Download http://doi.org/10.15468/dl.rrgo0h"
"259";"Paramuricea clavata";"";NA;7.14844;43.58484;"";" GBIF.org (12th February 2016) GBIF Occurrence Download http://doi.org/10.15468/dl.rrgo0h"
"260";"Paramuricea clavata";"Ullastre I";NA;3.19788;41.8795;"12.345";" GBIF.org (12th February 2016) GBIF Occurrence Download http://doi.org/10.15468/dl.rrgo0h"
"261";"Paramuricea clavata";"Ullastre Iii";NA;3.20708;41.8909;"11.43";" GBIF.org (12th February 2016) GBIF Occurrence Download http://doi.org/10.15468/dl.rrgo0h"
"262";"Paramuricea clavata";"Canons De Tamariu";NA;3.21201;41.9166;"14.02";" GBIF.org (12th February 2016) GBIF Occurrence Download http://doi.org/10.15468/dl.rrgo0h"
"263";"Paramuricea clavata";"";NA;5.15502;43.28268;"";" GBIF.org (12th February 2016) GBIF Occurrence Download http://doi.org/10.15468/dl.rrgo0h"
"264";"Paramuricea clavata";"";NA;3.1667;42.4667;"";" GBIF.org (12th February 2016) GBIF Occurrence Download http://doi.org/10.15468/dl.rrgo0h"
"265";"Paramuricea clavata";"";NA;3.1667;42.4667;"";" GBIF.org (12th February 2016) GBIF Occurrence Download http://doi.org/10.15468/dl.rrgo0h"
"267";"Paramuricea clavata";"";NA;5.03193;43.28507;"";" GBIF.org (12th February 2016) GBIF Occurrence Download http://doi.org/10.15468/dl.rrgo0h"
"268";"Paramuricea clavata";"";NA;11.07098;42.41985;"";" GBIF.org (12th February 2016) GBIF Occurrence Download http://doi.org/10.15468/dl.rrgo0h"
"269";"Paramuricea clavata";"El Medallot";NA;3.21554;42.03992;"13.65";" GBIF.org (12th February 2016) GBIF Occurrence Download http://doi.org/10.15468/dl.rrgo0h"
"270";"Paramuricea clavata";"";NA;5.03193;43.28507;"";" GBIF.org (12th February 2016) GBIF Occurrence Download http://doi.org/10.15468/dl.rrgo0h"
"271";"Paramuricea clavata";"Ullastre I";NA;3.19788;41.8795;"12.345";" GBIF.org (12th February 2016) GBIF Occurrence Download http://doi.org/10.15468/dl.rrgo0h"
"272";"Paramuricea clavata";"Ullastre Iii";NA;3.20708;41.8909;"13.105";" GBIF.org (12th February 2016) GBIF Occurrence Download http://doi.org/10.15468/dl.rrgo0h"
"273";"Paramuricea clavata";"Ullastre I";NA;3.19788;41.8795;"13.715";" GBIF.org (12th February 2016) GBIF Occurrence Download http://doi.org/10.15468/dl.rrgo0h"
"274";"Paramuricea clavata";"";NA;5.03193;43.28507;"";" GBIF.org (12th February 2016) GBIF Occurrence Download http://doi.org/10.15468/dl.rrgo0h"
"275";"Paramuricea clavata";"";NA;5.03193;43.28507;"";" GBIF.org (12th February 2016) GBIF Occurrence Download http://doi.org/10.15468/dl.rrgo0h"
"276";"Paramuricea clavata";"L'illa (Mar Menuda)";NA;2.94159;41.71375;"14.175";" GBIF.org (12th February 2016) GBIF Occurrence Download http://doi.org/10.15468/dl.rrgo0h"
"278";"Paramuricea clavata";"";NA;7.14844;43.58484;"";" GBIF.org (12th February 2016) GBIF Occurrence Download http://doi.org/10.15468/dl.rrgo0h"
"279";"Paramuricea clavata";"";NA;3.1667;42.4667;"";" GBIF.org (12th February 2016) GBIF Occurrence Download http://doi.org/10.15468/dl.rrgo0h"
"280";"Paramuricea clavata";"";NA;26.59;38.96;"";" GBIF.org (12th February 2016) GBIF Occurrence Download http://doi.org/10.15468/dl.rrgo0h"
"281";"Paramuricea clavata";"";NA;7.14844;43.58484;"";" GBIF.org (12th February 2016) GBIF Occurrence Download http://doi.org/10.15468/dl.rrgo0h"
"282";"Paramuricea clavata";"";NA;3.1667;42.4667;"";" GBIF.org (12th February 2016) GBIF Occurrence Download http://doi.org/10.15468/dl.rrgo0h"
"283";"Paramuricea clavata";"";NA;10.88168;42.39266;"";" GBIF.org (12th February 2016) GBIF Occurrence Download http://doi.org/10.15468/dl.rrgo0h"
"285";"Paramuricea clavata";"";NA;5.03193;43.28507;"";" GBIF.org (12th February 2016) GBIF Occurrence Download http://doi.org/10.15468/dl.rrgo0h"
"286";"Paramuricea clavata";"Ullastre Iii";NA;3.20708;41.8909;"12.955";" GBIF.org (12th February 2016) GBIF Occurrence Download http://doi.org/10.15468/dl.rrgo0h"
"287";"Paramuricea clavata";"Asilah";NA;-6.060783;35.477494;"";"Harmelin; J.-G. & Marinopoulos; J. (1994) Population structure and partial mortality of the gorgonian Paramuricea clavata (Risso) in the north-western Mediterranean (France; Port-Cros Island). Marine Life; 4; 5ñ13"
"288";"Paramuricea clavata";"Berlengas; Portugal";NA;-9.48273;39.41451;"25";"Marbis (12th February 2016) Occurrence Download http://www.emepc.pt/"
"289";"Paramuricea clavata";"Berlengas; Portugal";NA;-9.55193;39.46535;"40";"Marbis (12th February 2016) Occurrence Download http://www.emepc.pt/"
